experiment_id,avg_RMSE
E136,0.20001312870262228
E144,0.2091789454704988
E128,0.2093390122730513
E160,0.21015418712377726
E168,0.21857793671279796
E184,0.22105965418707768
E152,0.2211808945371323
E112,0.22468332132910665
E192,0.22868392836582885
E176,0.229608918463244
E104,0.23529746649271271
E120,0.2357812450097742
E173,0.3886148303920608
E189,0.3887181450884025
E181,0.38878768740888875
E109,0.3904802491616924
E117,0.39049418836570254
E101,0.39049418836570254
E186,0.40522050210714977
E178,0.4076297100493871
E170,0.40793349797449313
E108,0.4191706336250862
E100,0.41918215117192537
E116,0.4192282845833763
E180,0.4203593635404642
E172,0.42035936354046427
E188,0.42036525265934277
E114,0.4398481376511144
E098,0.4420475195332889
E106,0.44232006103481825
E133,0.4756506356193674
E125,0.4758849204701041
E141,0.4758895912199678
E138,0.47708661303095706
E130,0.48119116514077126
E122,0.4819041619228551
E132,0.5012037768878802
E140,0.5013485334631178
E124,0.5015376369812508
E157,0.5126913387052279
E149,0.5130419357502127
E165,0.5133325308293013
E162,0.5286827246485182
E154,0.5338510947220678
E146,0.5348531299185509
E164,0.5361894894763035
E156,0.5362541147974528
E148,0.5362594019281802
E256,0.8747179205047488
E264,0.8748762714545337
E248,0.8751523959133949
E072,0.884974356852297
E064,0.8877762735123327
E056,0.8879486421526226
E360,0.896098776444453
E352,0.8977083960638619
E344,0.8981866993224712
E288,0.901103821836936
E096,0.9080823956352042
E384,0.9112058248108572
E272,0.9153092711812447
E280,0.9159273406565374
E080,0.9209967597214118
E284,0.921390603918899
E276,0.9214447784091347
E088,0.9216309975203011
E268,0.9218094020164866
E368,0.9233325584685403
E376,0.9247041778421763
E240,0.9417013466458707
E048,0.945491613318535
E224,0.950136032941266
E232,0.9504540579980729
E336,0.9532820209874091
E032,0.9550416019588774
E040,0.955735897022399
E171,0.9601659511056966
E187,0.9601659511056966
E179,0.9601659511056966
E320,0.9624781096587578
E328,0.9631094314307154
E380,0.9633543563751296
E092,0.9633543563751296
E076,0.9633820587500825
E084,0.9633820587500825
E364,0.9633820587500825
E372,0.9633820587500825
E169,0.9650843810464671
E185,0.9650843810464671
E177,0.9650843810464671
E216,0.96901243370894
E312,0.9764883473401818
E200,0.9772250217082946
E024,0.9776351942285102
E208,0.9778398313045062
E183,0.9801483935182072
E191,0.9801599848520935
E175,0.9801764358476746
E299,0.9842785931296348
E307,0.984278593129635
E291,0.9846013692941047
E296,0.9848048437653907
E008,0.9850125462579054
E304,0.9856038861506653
E107,0.9861494001808204
E115,0.9861494001808204
E016,0.9863771525128129
E099,0.9864933369884457
E196,0.9891966312488338
E212,0.9892024820344376
E204,0.9892026395612863
E213,0.9914310476712367
E205,0.9914889313256037
E197,0.9916503950718425
E211,0.9931276404592271
E203,0.9931283274398746
E195,0.993469266193818
E019,0.994396815084539
E011,0.9943982837101213
E003,0.9947231837996091
E309,0.9965114620554066
E301,0.9965527749450697
E021,0.9966128482492371
E013,0.9966432623689079
E293,0.9967675064820374
E005,0.9971352904564937
E004,1.000579308043363
E020,1.0005829966536757
E012,1.0006201872334302
E292,1.0033870891499312
E308,1.0033902268221222
E300,1.00339093913177
E363,1.0113632392287104
E267,1.0113632392287104
E075,1.0113632392287104
E371,1.0113873661230335
E275,1.0113873661230335
E083,1.0113873661230335
E091,1.0115201566950007
E283,1.0115201566950007
E379,1.0115201566950007
E219,1.0156084916052341
E235,1.0156500053707238
E227,1.015653890195865
E315,1.0172576589459825
E331,1.0172780349764872
E323,1.01728570280071
E266,1.0179204995227176
E282,1.0180050863851422
E274,1.0181069644568557
E027,1.018841877409534
E043,1.018864360937674
E035,1.0188766955476938
E017,1.0207580961666503
E009,1.0210295317806934
E001,1.0210312135950077
E305,1.0217421571916692
E297,1.0217421571916692
E289,1.021743936345945
E139,1.0223161446976137
E123,1.0223435812760842
E131,1.0223769016718711
E082,1.0249984988776957
E090,1.025295085863212
E074,1.0253847025323588
E361,1.0267022130595285
E073,1.0267022130595285
E265,1.0267022130595285
E273,1.0267414446031156
E369,1.0267414446031156
E281,1.0267414446031156
E081,1.0267414446031156
E377,1.0267414446031156
E089,1.0267414446031156
E210,1.0299755113947633
E194,1.0302736749060366
E202,1.030650977751906
E113,1.0337941475061847
E105,1.0337941475061847
E097,1.0338011093581436
E362,1.0367216323591597
E370,1.0368165456833656
E378,1.037225771529922
E201,1.0374969032669825
E193,1.0375066824972072
E209,1.0377414563794545
E163,1.042047276386573
E155,1.0422246582824921
E147,1.0425133388183432
E259,1.0426608112893025
E251,1.0427199539978333
E243,1.0429767937905414
E018,1.0471075714107623
E002,1.0474840904710585
E010,1.0475405939148061
E067,1.0481113636967034
E059,1.0482792414647681
E051,1.0485684380906501
E199,1.0500247366442501
E207,1.0500400779476307
E215,1.0506433187827282
E290,1.0561772486099086
E306,1.0561806674793073
E298,1.0564055111420694
E118,1.0569159482887507
E110,1.0569159482887507
E102,1.056915948288751
E119,1.0596211169024312
E111,1.0596273110554728
E103,1.059663458061363
E355,1.0630868226626706
E347,1.0632781437783532
E339,1.0634633373592202
E015,1.0685922640699794
E007,1.0686161729807793
E023,1.068673695044263
E077,1.0700716491372777
E365,1.0700716491372777
E269,1.0700716491372777
E093,1.0701069189971828
E285,1.0701069189971828
E381,1.0701069189971828
E277,1.0701076102497842
E373,1.0701076102497842
E085,1.0701076102497842
E303,1.0735356798926068
E311,1.0735605914301376
E295,1.0735708932684938
E271,1.0844295096494831
E079,1.0844295096494831
E367,1.0844295096494831
E087,1.084472186580156
E279,1.084472186580156
E375,1.084472186580156
E095,1.084479036874001
E287,1.084479036874001
E383,1.084479036874001
E214,1.102548686763813
E198,1.1025560962066079
E206,1.1025567005455326
E174,1.1060489787857652
E182,1.1060489787857652
E190,1.1060911504616713
E294,1.107387025100902
E302,1.1073872065202837
E310,1.1073872065202837
E006,1.1075934729059767
E014,1.1075935037393858
E022,1.1076005048149824
E237,1.1087368759742866
E229,1.1091047925276163
E221,1.1096521094905667
E270,1.1107020742547662
E278,1.1107020742547662
E286,1.1107020742547662
E366,1.122995347412215
E382,1.1229953474122152
E374,1.1229953474122152
E045,1.1262395735913286
E037,1.1267775156928665
E029,1.127094889256592
E086,1.1306261501930668
E078,1.1306261501930668
E094,1.1306261501930668
E333,1.186355114506808
E325,1.1868017816953516
E317,1.1869911306062528
E047,1.1894913268147769
E039,1.1894985243537726
E031,1.1896272804643746
E223,1.1920301507809041
E231,1.1922868788509233
E239,1.1928084879223881
E143,1.2002105450874714
E135,1.2003185725625372
E127,1.2005402520145778
E217,1.2122881786457709
E225,1.2122889425114218
E233,1.2125824956278572
E041,1.214155010316067
E025,1.2143471777004005
E033,1.214352673936085
E129,1.2213799356683956
E137,1.221452103411277
E121,1.2217941252319506
E234,1.249082078095702
E218,1.2492158688930837
E026,1.249278079522703
E226,1.2493896236340873
E034,1.2494162412808334
E042,1.2494744985358641
E335,1.254071832936459
E319,1.2541160439020809
E327,1.254258460117426
E321,1.25901853922741
E329,1.2590696405434998
E313,1.2595032717103964
E314,1.263443136294232
E322,1.2634772482891576
E330,1.2637130587629712
E236,1.2948226569632113
E228,1.2948571623304104
E220,1.2953665259470764
E044,1.3071352635727909
E028,1.307326992949833
E036,1.307341039670622
E332,1.3173690776127747
E316,1.3174497102366314
E324,1.3175905365554363
E142,1.3998347588480908
E134,1.3998347588480908
E126,1.3998347588480908
E046,1.4039170763216924
E030,1.404017144609508
E038,1.404017144609508
E230,1.4148090429780027
E222,1.4148418157617093
E238,1.4149603682248995
E318,1.4372156132660872
E326,1.4372156132660872
E334,1.437219019531909
E252,1.5565155247900075
E244,1.556590731951571
E260,1.5565955236586935
E052,1.5911200353781907
E340,1.591148682792963
E060,1.591149646912196
E068,1.5911727207632906
E348,1.5911901864433136
E356,1.5912099591329454
E242,1.8519297603514837
E250,1.8520477122973364
E258,1.8525320549062338
E066,1.8597003090609716
E058,1.8598967822522865
E050,1.8599430649338475
E338,1.8935355942889767
E346,1.8937055867664163
E354,1.8939577072857998
E167,2.0477890525256925
E151,2.0478506572429094
E159,2.0480317628062004
E255,2.0636703301629318
E247,2.0637391258950983
E263,2.06517457772696
E065,2.0716171965936487
E057,2.0724077105092533
E049,2.072481638089857
E153,2.1113902056190392
E161,2.1115945809116514
E145,2.112765318339627
E249,2.1246707749668823
E241,2.1247195446349716
E071,2.1253363089152715
E257,2.1257772740712877
E055,2.1260655999898197
E063,2.126084412869469
E353,2.151910336773005
E345,2.1520265354016503
E337,2.1531460854595226
E061,2.173806169910099
E069,2.1743452107638426
E053,2.174711374378162
E359,2.2189257834188965
E343,2.219559675399135
E351,2.219687929528532
E253,2.2407583639276396
E245,2.2416153941437065
E261,2.241855165173095
E054,2.2743069920679204
E070,2.274355628292188
E062,2.2743821265004103
E349,2.2961109356481684
E341,2.2968495631703076
E357,2.2969251757256894
E342,2.38463175424741
E358,2.3847157513369215
E350,2.3847189249658713
E150,2.393885065918811
E158,2.3941149737845677
E166,2.3942637977481804
E246,2.444132754353885
E254,2.444196846004056
E262,2.4443411543896167
