model,fitur,fitur_tampil,RMSE_test,Theil_U2,RMSE_change,U2_change,hit_change,hit_all,exact_hit,DM_stat,DM_p_value,delta_RMSE,sigma,sigma_delta,ambang,rasio_sigma,terbaca
RF,Inflation_YoY_Pct,Inflasi YoY,0.137030384332238,1.0962430746579044,0.2092017738705725,0.8368070954822902,0.2222222222222222,0.5555555555555556,0.5555555555555556,0.7462589644188673,0.460494383193561,-0.0063462066202034,0.0,0.0,0.0,inf,True
RF,Inflation_Gap_Pct,Inflation Gap,0.136028197623796,1.0882255809903685,0.2077777173394741,0.8311108693578964,0.2222222222222222,0.5833333333333334,0.5833333333333334,0.6915042535287836,0.4938104082103058,-0.0073483933286454,0.0,0.0,0.0,inf,True
RF,GDP_Growth_YoY_Pct,Pertumbuhan PDB,0.1365759754268418,1.0926078034147344,0.2150198518502684,0.8600794074010737,0.2222222222222222,0.6111111111111112,0.6111111111111112,0.7444230052089148,0.4615898435358214,-0.0068006155255996,0.0,0.0,0.0,inf,True
RF,Federal_Funds_Rate_Pct,Federal Funds Rate,0.1460395007204017,1.1683160057632138,0.2202323599636238,0.8809294398544955,0.3333333333333333,0.5277777777777778,0.5277777777777778,1.1232342648894842,0.2689838322813536,0.0026629097679602,0.0,0.0,0.0,inf,True
RF,USD_IDR_Monthly_Avg,Kurs USD/IDR,0.1395115789087484,1.1160926312699877,0.2167787793815214,0.8671151175260856,0.2222222222222222,0.5555555555555556,0.5555555555555556,0.8926433131657576,0.378144767919943,-0.003865012043693,0.0,0.0,0.0,inf,True
RF,M2_Triliun_Rp,M2 (Uang Beredar),0.1392049007035943,1.1136392056287547,0.2150526130468192,0.860210452187277,0.2222222222222222,0.5555555555555556,0.5555555555555556,0.8713560780342828,0.3894977159365309,-0.0041716902488471,0.0,0.0,0.0,inf,True
RF,Credit_Growth_YoY_Pct,Pertumbuhan Kredit,0.1473614685721337,1.1788917485770696,0.2323878172619953,0.9295512690479814,0.2222222222222222,0.6111111111111112,0.6111111111111112,1.509728531480889,0.1400885540255023,0.0039848776196922,0.0,0.0,0.0,inf,True
RF,BI_Rate_Pct_lag1,BI-Rate t-1 (Persistensi),0.4086639930788805,3.269311944631044,0.3959327361907408,1.5837309447629633,0.6666666666666666,0.4444444444444444,0.3611111111111111,3.745472947550348,0.0006474511777232,0.265287402126439,0.0,0.0,0.0,inf,True
RF,BI_Rate_Pct_lag2,BI-Rate t-2,0.1356090670760096,1.0848725366080771,0.2145104321886927,0.8580417287547711,0.2222222222222222,0.5555555555555556,0.5555555555555556,0.7286524541773423,0.4710619661476978,-0.0077675238764318,0.0,0.0,0.0,inf,True
RF,BI_Rate_Pct_lag3,BI-Rate t-3,0.142453917019007,1.1396313361520565,0.2171490580831311,0.8685962323325247,0.2222222222222222,0.5555555555555556,0.5555555555555556,1.0485000186204785,0.3015949378088713,-0.0009226739334344,0.0,0.0,0.0,inf,True
RF,policy_regime,Arah Kebijakan Suku Bunga,0.1413288732604532,1.1306309860836257,0.2151935764540834,0.8607743058163336,0.2222222222222222,0.5555555555555556,0.5555555555555556,1.0275071648451577,0.311230796307119,-0.0020477176919882,0.0,0.0,0.0,inf,True
RF,real_rate,Suku Bunga Riil,0.1360073349650606,1.088058679720485,0.2071367561086137,0.828547024434455,0.2222222222222222,0.5833333333333334,0.5833333333333334,0.6600322846220315,0.5135535553060051,-0.0073692559873808,0.0,0.0,0.0,inf,True
RF,output_gap,Output Gap,0.1369420125256654,1.0955361002053232,0.2092308647151823,0.8369234588607295,0.2222222222222222,0.5555555555555556,0.5555555555555556,0.748488463334941,0.459166151646144,-0.006434578426776,0.0,0.0,0.0,inf,True
RF,infl_momentum_3,Momentum Inflasi (3 Bln),0.1363617047082618,1.0908936376660947,0.2099505216790774,0.8398020867163096,0.2222222222222222,0.5555555555555556,0.5555555555555556,0.7003180566464682,0.4883581657143832,-0.0070148862441796,0.0,0.0,0.0,inf,True
RF,fx_pressure_3,Tekanan Kurs (3 Bln),0.144150708165092,1.1532056653207363,0.2183129685932629,0.8732518743730519,0.2222222222222222,0.5277777777777778,0.5277777777777778,1.096007924821361,0.2805597297256836,0.0007741172126505,0.0,0.0,0.0,inf,True
RF,ffr_change,Perubahan FFR,0.1390066480971741,1.1120531847773931,0.2102318891210816,0.8409275564843265,0.2222222222222222,0.5555555555555556,0.5555555555555556,0.8318913476673993,0.4111103656157153,-0.0043699428552673,0.0,0.0,0.0,inf,True
RF,fed_cycle,Siklus The Fed,0.1347305684078432,1.0778445472627465,0.2093137316875524,0.8372549267502098,0.2222222222222222,0.6111111111111112,0.6111111111111112,0.6266700442104997,0.534942001040088,-0.0086460225445982,0.0,0.0,0.0,inf,True
BiLSTM,Inflation_YoY_Pct,Inflasi YoY,0.134142659050262,1.073141272402096,0.16103716609975,0.6441486643990002,0.6666666666666666,0.6666666666666666,0.6666666666666666,0.4377551534246241,0.664253473104726,-0.012126752516721,0.0093725334891094,0.013254763974094539,0.026509527948189077,0.9148976579607035,False
BiLSTM,Inflation_Gap_Pct,Inflation Gap,0.1348883680923371,1.0791069447386967,0.158690445751973,0.6347617830078921,0.6666666666666666,0.6944444444444444,0.6944444444444444,0.4590024833601635,0.6490703434086003,-0.0113810434746459,0.0093725334891094,0.013254763974094539,0.026509527948189077,0.8586379581627641,False
BiLSTM,GDP_Growth_YoY_Pct,Pertumbuhan PDB,0.1359182178158475,1.08734574252678,0.1567340879189304,0.6269363516757216,0.6666666666666666,0.6666666666666666,0.6666666666666666,0.5124548901155007,0.6115516898585858,-0.0103511937511355,0.0093725334891094,0.013254763974094539,0.026509527948189077,0.7809413861586781,False
BiLSTM,Federal_Funds_Rate_Pct,Federal Funds Rate,0.131859028258998,1.0548722260719845,0.160668787692669,0.6426751507706763,0.6666666666666666,0.6666666666666666,0.6666666666666666,0.3345134323554016,0.7399885439739577,-0.0144103833079849,0.0093725334891094,0.013254763974094539,0.026509527948189077,1.0871852064773793,False
BiLSTM,USD_IDR_Monthly_Avg,Kurs USD/IDR,0.1392644662781234,1.1141157302249876,0.1582628320479506,0.6330513281918025,0.6666666666666666,0.6388888888888888,0.6388888888888888,0.6441419912291272,0.5236825672238794,-0.0070049452888595,0.0093725334891094,0.013254763974094539,0.026509527948189077,0.5284851018509383,False
BiLSTM,M2_Triliun_Rp,M2 (Uang Beredar),0.1361198067861932,1.088958454289546,0.161606171555828,0.646424686223312,0.6666666666666666,0.6666666666666666,0.6666666666666666,0.5175173918282049,0.6080506962030063,-0.0101496047807898,0.0093725334891094,0.013254763974094539,0.026509527948189077,0.7657325924947782,False
BiLSTM,Credit_Growth_YoY_Pct,Pertumbuhan Kredit,0.1552888815806291,1.2423110526450332,0.1555541292190812,0.6222165168763251,0.6666666666666666,0.6388888888888888,0.6388888888888888,1.196775254516991,0.2394379803100188,0.0090194700136461,0.0093725334891094,0.013254763974094539,0.026509527948189077,0.6804700582578453,False
BiLSTM,BI_Rate_Pct_lag1,BI-Rate t-1 (Persistensi),0.1377689674687824,1.1021517397502592,0.1617549204450404,0.6470196817801618,0.6666666666666666,0.6666666666666666,0.6666666666666666,0.5923216286423731,0.5574427779608992,-0.0085004440982006,0.0093725334891094,0.013254763974094539,0.026509527948189077,0.6413123700138375,False
BiLSTM,BI_Rate_Pct_lag2,BI-Rate t-2,0.1396785046002483,1.1174280368019864,0.1596356248787151,0.6385424995148606,0.6666666666666666,0.6666666666666666,0.6666666666666666,0.6622188422033142,0.5121681406386562,-0.0065909069667347,0.0093725334891094,0.013254763974094539,0.026509527948189077,0.4972481576900307,False
BiLSTM,BI_Rate_Pct_lag3,BI-Rate t-3,0.1466869154170768,1.1734953233366143,0.1590510527034274,0.6362042108137096,0.6666666666666666,0.6388888888888888,0.6388888888888888,0.9092399775906324,0.3694424424151021,0.0004175038500937,0.0093725334891094,0.013254763974094539,0.026509527948189077,0.031498399436586014,False
BiLSTM,policy_regime,Arah Kebijakan Suku Bunga,0.1321967075723248,1.057573660578599,0.1652326838740116,0.6609307354960466,0.5555555555555556,0.6666666666666666,0.6666666666666666,0.3738908585257194,0.7107409954964328,-0.0140727039946581,0.0093725334891094,0.013254763974094539,0.026509527948189077,1.0617091350824628,False
BiLSTM,real_rate,Suku Bunga Riil,0.1394505372638412,1.1156042981107297,0.1571463253353039,0.6285853013412156,0.6666666666666666,0.6666666666666666,0.6666666666666666,0.6437962610247755,0.5239041301646008,-0.0068188743031418,0.0093725334891094,0.013254763974094539,0.026509527948189077,0.5144470559014697,False
BiLSTM,output_gap,Output Gap,0.1504442826415008,1.2035542611320067,0.1648479854185784,0.6593919416743136,0.6666666666666666,0.6388888888888888,0.6388888888888888,1.053209397855507,0.2994620543270967,0.0041748710745178,0.0093725334891094,0.013254763974094539,0.026509527948189077,0.31497136295125877,False
BiLSTM,infl_momentum_3,Momentum Inflasi (3 Bln),0.1805952617193569,1.444762093754855,0.1725380234052931,0.6901520936211724,0.7777777777777778,0.6111111111111112,0.6111111111111112,1.8274003114012232,0.0761761333903212,0.0343258501523738,0.0093725334891094,0.013254763974094539,0.026509527948189077,2.589699086265221,True
BiLSTM,fx_pressure_3,Tekanan Kurs (3 Bln),0.1706156248252919,1.3649249986023355,0.1606362715384941,0.6425450861539764,0.6666666666666666,0.6944444444444444,0.6944444444444444,1.383327544202983,0.1753253308103239,0.0243462132583089,0.0093725334891094,0.013254763974094539,0.026509527948189077,1.8367896483024355,False
BiLSTM,ffr_change,Perubahan FFR,0.186247722677196,1.489981781417568,0.1781257638963642,0.712503055585457,0.7777777777777778,0.6111111111111112,0.6111111111111112,1.9131800959995504,0.0639336566628478,0.0399783111102129,0.0093725334891094,0.013254763974094539,0.026509527948189077,3.0161465861140617,True
BiLSTM,fed_cycle,Siklus The Fed,0.1597574399487521,1.278059519590017,0.1602713439850666,0.6410853759402666,0.6666666666666666,0.6388888888888888,0.6388888888888888,1.3255509209136158,0.1935760840990159,0.0134880283817691,0.0093725334891094,0.013254763974094539,0.026509527948189077,1.0175985334880695,False
LSTM,Inflation_YoY_Pct,Inflasi YoY,0.1546229061574879,1.2369832492599036,0.149956471304484,0.5998258852179361,0.6666666666666666,0.6111111111111112,0.6111111111111112,1.1020938204257222,0.2779419987156262,-0.0073656959200632,0.01477736531769,0.020898350448419,0.041796700896838,0.35245345981938153,False
LSTM,Inflation_Gap_Pct,Inflation Gap,0.1655784321183821,1.3246274569470573,0.1609874256889242,0.6439497027556971,0.6666666666666666,0.6111111111111112,0.6111111111111112,1.398189219630756,0.170854210154177,0.0035898300408309,0.01477736531769,0.020898350448419,0.041796700896838,0.17177576046928994,False
LSTM,GDP_Growth_YoY_Pct,Pertumbuhan PDB,0.1572548791228787,1.2580390329830302,0.1781842821579769,0.7127371286319076,0.6666666666666666,0.4444444444444444,0.4444444444444444,1.3717211716225182,0.1788800186475261,-0.0047337229546724,0.01477736531769,0.020898350448419,0.041796700896838,0.22651179892671938,False
LSTM,Federal_Funds_Rate_Pct,Federal Funds Rate,0.2804928765216605,2.2439430121732844,0.2735202960352165,1.094081184140866,0.6666666666666666,0.5,0.4166666666666667,3.785425013524554,0.0005779741817151,0.1185042744441093,0.01477736531769,0.020898350448419,0.041796700896838,5.670508528249624,True
LSTM,USD_IDR_Monthly_Avg,Kurs USD/IDR,0.191389570509787,1.5311165640782962,0.214808061688024,0.859232246752096,0.5555555555555556,0.3611111111111111,0.3333333333333333,2.6033820708826445,0.0134505363152088,0.0294009684322358,0.01477736531769,0.020898350448419,0.041796700896838,1.4068559384532686,False
LSTM,M2_Triliun_Rp,M2 (Uang Beredar),0.1687661929409384,1.3501295435275076,0.189322008045344,0.757288032181376,0.5555555555555556,0.4444444444444444,0.4444444444444444,1.8671933763107544,0.0702683182266872,0.0067775908633872,0.01477736531769,0.020898350448419,0.041796700896838,0.32431224082089877,False
LSTM,Credit_Growth_YoY_Pct,Pertumbuhan Kredit,0.1362000949303263,1.0896007594426107,0.1766240183847509,0.7064960735390037,0.3333333333333333,0.6666666666666666,0.6666666666666666,0.5407242927137864,0.5921225254707569,-0.0257885071472248,0.01477736531769,0.020898350448419,0.041796700896838,1.2339972578637541,False
LSTM,BI_Rate_Pct_lag1,BI-Rate t-1 (Persistensi),0.1688858534233147,1.351086827386518,0.1802857435087403,0.7211429740349615,0.6666666666666666,0.4166666666666667,0.4166666666666667,1.621391248935725,0.1139093368139285,0.0068972513457635,0.01477736531769,0.020898350448419,0.041796700896838,0.3300380746694431,False
LSTM,BI_Rate_Pct_lag2,BI-Rate t-2,0.1627402349207602,1.301921879366082,0.1857650847425605,0.7430603389702423,0.5555555555555556,0.5833333333333334,0.5833333333333334,1.466808839050242,0.1513565807185206,0.000751632843209,0.01477736531769,0.020898350448419,0.041796700896838,0.03596613259329578,False
LSTM,BI_Rate_Pct_lag3,BI-Rate t-3,0.1680250616695334,1.3442004933562677,0.1760745247678248,0.7042980990712995,0.5555555555555556,0.5277777777777778,0.5277777777777778,1.5618626116584295,0.1273181015861493,0.0060364595919822,0.01477736531769,0.020898350448419,0.041796700896838,0.288848615438874,False
LSTM,policy_regime,Arah Kebijakan Suku Bunga,0.1665312100432125,1.3322496803457005,0.1785829358365321,0.7143317433461286,0.5555555555555556,0.4722222222222222,0.4722222222222222,1.7757188751104844,0.0844751926679507,0.0045426079656613,0.01477736531769,0.020898350448419,0.041796700896838,0.2173668193034325,False
LSTM,real_rate,Suku Bunga Riil,0.147423876208748,1.179391009669985,0.1684769172870751,0.6739076691483007,0.6666666666666666,0.6111111111111112,0.6111111111111112,1.0320674907059106,0.3091197587775476,-0.0145647258688031,0.01477736531769,0.020898350448419,0.041796700896838,0.6969318418097897,False
LSTM,output_gap,Output Gap,0.1963478376823095,1.570782701458476,0.2037015167873467,0.8148060671493869,0.3333333333333333,0.6388888888888888,0.6111111111111112,1.5052534622240086,0.1412310741904798,0.0343592356047582,0.01477736531769,0.020898350448419,0.041796700896838,1.6441123278874643,False
LSTM,infl_momentum_3,Momentum Inflasi (3 Bln),0.1528236935075949,1.2225895480607594,0.1884166797222241,0.7536667188888965,0.5555555555555556,0.6388888888888888,0.6388888888888888,1.2210340045917871,0.2302350492434941,-0.0091649085699563,0.01477736531769,0.020898350448419,0.041796700896838,0.43854698448937357,False
LSTM,fx_pressure_3,Tekanan Kurs (3 Bln),0.1344287886204022,1.075430308963218,0.1858436566324397,0.743374626529759,0.4444444444444444,0.6666666666666666,0.6666666666666666,0.4799361820641247,0.634258621994984,-0.0275598134571489,0.01477736531769,0.020898350448419,0.041796700896838,1.3187554455635926,False
LSTM,ffr_change,Perubahan FFR,0.1394569587310542,1.115655669848434,0.1877122473288988,0.7508489893155954,0.5555555555555556,0.6944444444444444,0.6666666666666666,0.7020024410191659,0.4873200678711138,-0.0225316433464969,0.01477736531769,0.020898350448419,0.041796700896838,1.0781541539419186,False
LSTM,fed_cycle,Siklus The Fed,0.1674415812145098,1.3395326497160789,0.1617852412939118,0.6471409651756472,0.6666666666666666,0.4444444444444444,0.4444444444444444,1.6125377423401597,0.1158269898247079,0.0054529791369586,0.01477736531769,0.020898350448419,0.041796700896838,0.2609286867122629,False
XGBoost,Inflation_YoY_Pct,Inflasi YoY,0.192343103206662,1.5387448256532965,0.2129531074303499,0.8518124297213998,0.6666666666666666,0.4444444444444444,0.4166666666666667,2.3762386045754886,0.0230934433871805,-0.0283494453588296,0.0,0.0,0.0,inf,True
XGBoost,Inflation_Gap_Pct,Inflation Gap,0.1989032678899067,1.591226143119254,0.2223742978516137,0.8894971914064549,0.5555555555555556,0.3888888888888889,0.3611111111111111,2.730018553663018,0.0098464901107642,-0.0217892806755849,0.0,0.0,0.0,inf,True
XGBoost,GDP_Growth_YoY_Pct,Pertumbuhan PDB,0.192070335406305,1.53656268325044,0.2253975814852349,0.9015903259409398,0.5555555555555556,0.4722222222222222,0.4722222222222222,2.353728102969872,0.0243303415660895,-0.0286222131591867,0.0,0.0,0.0,inf,True
XGBoost,USD_IDR_Monthly_Avg,Kurs USD/IDR,0.2022744427468709,1.6181955419749674,0.2293435406291069,0.9173741625164278,0.5555555555555556,0.4166666666666667,0.4166666666666667,2.4724794548442723,0.018422979848983,-0.0184181058186207,0.0,0.0,0.0,inf,True
XGBoost,M2_Triliun_Rp,M2 (Uang Beredar),0.1867286515466372,1.4938292123730978,0.2299456419848537,0.9197825679394148,0.4444444444444444,0.4722222222222222,0.4722222222222222,2.553258732822803,0.0151869652290217,-0.0339638970188544,0.0,0.0,0.0,inf,True
XGBoost,Credit_Growth_YoY_Pct,Pertumbuhan Kredit,0.2037629408691956,1.6301035269535653,0.2288782838134062,0.9155131352536248,0.2222222222222222,0.5,0.4722222222222222,3.162723011418177,0.0032241954820817,-0.016929607696296,0.0,0.0,0.0,inf,True
XGBoost,IHSG_End_of_Month,IHSG,0.196009036326533,1.568072290612264,0.2163777107806713,0.8655108431226853,0.5555555555555556,0.4722222222222222,0.4444444444444444,2.3708283662170166,0.0233854108030584,-0.0246835122389587,0.0,0.0,0.0,inf,True
XGBoost,Foreign_Reserves_Miliar_USD,Cadangan Devisa,0.196901645615391,1.5752131649231282,0.2244367341446478,0.8977469365785915,0.5555555555555556,0.4444444444444444,0.4166666666666667,2.226969373825204,0.0324795932910257,-0.0237909029501006,0.0,0.0,0.0,inf,True
XGBoost,Federal_Funds_Rate_Pct,Federal Funds Rate,0.2012512613045327,1.6100100904362618,0.2218898420388177,0.8875593681552708,0.5555555555555556,0.4444444444444444,0.4166666666666667,2.343568441690828,0.0249079619582197,-0.0194412872609589,0.0,0.0,0.0,inf,True
XGBoost,Oil_Price_Brent_USD_per_Bbl,Harga Minyak Brent,0.1991452248048777,1.5931617984390216,0.2235715817498212,0.8942863269992848,0.6666666666666666,0.5,0.4722222222222222,2.238009621382872,0.0316832592467102,-0.0215473237606139,0.0,0.0,0.0,inf,True
XGBoost,Gold_Price_USD_per_Oz,Harga Emas,0.194169612290633,1.5533568983250643,0.2227202434455973,0.8908809737823895,0.5555555555555556,0.4166666666666667,0.3888888888888889,2.255871478485667,0.0304318202758966,-0.0265229362748586,0.0,0.0,0.0,inf,True
XGBoost,VIX_Volatility_Index,VIX,0.1965516507118668,1.5724132056949345,0.2156622887463062,0.8626491549852251,0.5555555555555556,0.4444444444444444,0.4166666666666667,2.307991410359221,0.0270295526860631,-0.0241408978536248,0.0,0.0,0.0,inf,True
XGBoost,BI_Rate_Pct_lag1,BI-Rate t-1 (Persistensi),0.2563281252622688,2.0506250020981507,0.2847677814876314,1.1390711259505255,0.4444444444444444,0.2777777777777778,0.25,4.25650619037508,0.0001477291938782,0.0356355766967771,0.0,0.0,0.0,inf,True
XGBoost,BI_Rate_Pct_lag2,BI-Rate t-2,0.2119743204539502,1.695794563631602,0.22130146809465,0.8852058723786002,0.6666666666666666,0.4722222222222222,0.4444444444444444,2.79153546961064,0.008440428898998,-0.0087182281115414,0.0,0.0,0.0,inf,True
XGBoost,BI_Rate_Pct_lag3,BI-Rate t-3,0.2075145482393744,1.6601163859149954,0.2171380362061814,0.8685521448247256,0.5555555555555556,0.4166666666666667,0.3888888888888889,2.940536916183792,0.0057731839448229,-0.0131780003261172,0.0,0.0,0.0,inf,True
XGBoost,policy_regime,Arah Kebijakan Suku Bunga,0.2175532306063323,1.7404258448506584,0.2273364387003942,0.9093457548015768,0.5555555555555556,0.4166666666666667,0.3888888888888889,3.140487478610189,0.0034205555405237,-0.0031393179591593,0.0,0.0,0.0,inf,True
XGBoost,real_rate,Suku Bunga Riil,0.2215144659787343,1.7721157278298745,0.2346434503681746,0.9385738014726984,0.5555555555555556,0.3888888888888889,0.3611111111111111,3.225168799978264,0.0027284292221785,0.0008219174132426,0.0,0.0,0.0,inf,True
XGBoost,output_gap,Output Gap,0.2170256154641119,1.7362049237128958,0.2299723530435433,0.9198894121741732,0.5555555555555556,0.3888888888888889,0.3611111111111111,3.1266731021084557,0.0035482109139586,-0.0036669331013797,0.0,0.0,0.0,inf,True
XGBoost,infl_momentum_3,Momentum Inflasi (3 Bln),0.2070134740157006,1.656107792125605,0.2182946500971189,0.8731786003884758,0.6666666666666666,0.3888888888888889,0.3611111111111111,2.859840925469532,0.0070997323749437,-0.013679074549791,0.0,0.0,0.0,inf,True
XGBoost,fx_pressure_3,Tekanan Kurs (3 Bln),0.2214096077271626,1.7712768618173007,0.2334370559497514,0.933748223799006,0.5555555555555556,0.3611111111111111,0.3333333333333333,3.125867693341949,0.003555791262247,0.0007170591616708,0.0,0.0,0.0,inf,True
XGBoost,ffr_change,Perubahan FFR,0.2204368623072127,1.7634948984577017,0.227350842724637,0.909403370898548,0.5555555555555556,0.3333333333333333,0.3055555555555556,3.172962069951147,0.0031374209604455,-0.0002556862582789,0.0,0.0,0.0,inf,True
XGBoost,fed_cycle,Siklus The Fed,0.2231059065648812,1.7848472525190495,0.2322044727852793,0.9288178911411172,0.5555555555555556,0.3888888888888889,0.3611111111111111,3.14763421720295,0.0033562373603661,0.0024133579993895,0.0,0.0,0.0,inf,True
