tanggal,split,aktual,delta_aktual,is_change,pred_BiLSTM,pred_BiLSTM_snap,pred_LSTM,pred_LSTM_snap,pred_RF,pred_RF_snap,pred_XGBoost,pred_XGBoost_snap,arah_benar_BiLSTM,arah_benar_LSTM,arah_benar_RF,arah_benar_XGBoost
2011-Okt,train,6.5,-0.25,True,6.6738,6.75,6.6293,6.75,6.6796,6.75,6.5006,6.5,False,False,False,True
2011-Nov,train,6.0,-0.5,True,6.4186,6.5,6.2787,6.25,6.2876,6.25,6.0108,6.0,False,True,True,True
2012-Feb,train,5.75,-0.25,True,5.9107,6.0,5.8927,6.0,5.8966,6.0,5.7511,5.75,False,False,False,True
2013-Jun,train,6.0,0.25,True,5.8397,5.75,5.9546,6.0,5.9173,6.0,6.0015,6.0,False,True,True,True
2013-Jul,train,6.5,0.5,True,6.0799,6.0,6.2634,6.25,6.173,6.25,6.5033,6.5,False,True,True,True
2013-Agu,train,7.0,0.5,True,6.6507,6.75,6.8242,6.75,6.468,6.5,6.9892,7.0,True,True,False,True
2013-Sep,train,7.25,0.25,True,7.1826,7.25,7.2348,7.25,6.8296,6.75,7.2574,7.25,True,True,False,True
2013-Nov,train,7.5,0.25,True,7.3817,7.5,7.358,7.25,7.3154,7.25,7.4912,7.5,True,False,False,True
2014-Des,train,7.75,0.25,True,7.4144,7.5,7.5582,7.5,7.6287,7.75,7.7437,7.75,False,False,True,True
2015-Feb,train,7.5,-0.25,True,7.7284,7.75,7.6746,7.75,7.5067,7.5,7.4993,7.5,False,False,True,True
2016-Jan,train,7.25,-0.25,True,7.3139,7.25,7.3081,7.25,7.3261,7.25,7.2537,7.25,True,True,True,True
2016-Feb,train,7.0,-0.25,True,7.0463,7.0,7.0773,7.0,7.1859,7.25,7.0003,7.0,True,True,False,True
2016-Mar,train,6.75,-0.25,True,6.7919,6.75,6.8945,7.0,6.7934,6.75,6.7531,6.75,True,False,True,True
2016-Jun,train,6.5,-0.25,True,6.5325,6.5,6.6288,6.75,6.6572,6.75,6.5031,6.5,True,False,False,True
2016-Agu,train,5.25,-1.25,True,6.2783,6.25,5.6607,5.75,5.9175,6.0,5.2677,5.25,True,True,True,True
2016-Sep,train,5.0,-0.25,True,5.0276,5.0,4.6679,4.75,5.0702,5.0,4.994,5.0,True,True,True,True
2016-Okt,train,4.75,-0.25,True,4.8058,4.75,4.9054,5.0,4.8427,4.75,4.7512,4.75,True,False,True,True
2017-Agu,train,4.5,-0.25,True,4.8112,4.75,4.7029,4.75,4.6678,4.75,4.504,4.5,False,False,False,True
2017-Sep,train,4.25,-0.25,True,4.5463,4.5,4.4396,4.5,4.3549,4.25,4.2553,4.25,False,False,True,True
2018-Mei,train,4.75,0.5,True,4.3486,4.25,4.4029,4.5,4.4395,4.5,4.7436,4.75,False,True,True,True
2018-Jun,train,5.25,0.5,True,4.8602,4.75,4.8611,4.75,4.9203,5.0,5.2473,5.25,False,False,True,True
2018-Agu,train,5.5,0.25,True,5.3578,5.25,5.3903,5.5,5.2373,5.25,5.4978,5.5,False,True,False,True
2018-Sep,train,5.75,0.25,True,5.5761,5.5,5.6001,5.5,5.6157,5.5,5.7458,5.75,False,False,False,True
2018-Nov,train,6.0,0.25,True,5.7924,5.75,5.8792,6.0,5.8438,5.75,5.996,6.0,False,True,False,True
2019-Jul,train,5.75,-0.25,True,5.9254,6.0,5.8445,5.75,5.8744,5.75,5.7586,5.75,False,True,True,True
2019-Agu,train,5.5,-0.25,True,5.6664,5.75,5.5462,5.5,5.4888,5.5,5.4935,5.5,False,True,True,True
2019-Sep,train,5.25,-0.25,True,5.3868,5.5,5.2894,5.25,5.3358,5.25,5.2566,5.25,False,True,True,True
2019-Okt,train,5.0,-0.25,True,5.1279,5.25,5.0578,5.0,5.125,5.25,5.0008,5.0,False,True,False,True
2020-Feb,val,4.75,-0.25,True,4.9169,5.0,4.941,5.0,4.9615,5.0,4.8969,5.0,False,False,False,False
2020-Mar,val,4.5,-0.25,True,4.7459,4.75,4.7397,4.75,4.8952,5.0,4.9679,5.0,False,False,False,False
2020-Jun,val,4.25,-0.25,True,4.7761,4.75,4.4773,4.5,4.5005,4.5,4.7924,4.75,False,False,False,False
2020-Jul,val,4.0,-0.25,True,4.7032,4.75,4.2143,4.25,4.5005,4.5,4.7694,4.75,False,False,False,False
2020-Nov,val,3.75,-0.25,True,4.3921,4.5,4.034,4.0,4.5159,4.5,4.7453,4.75,False,False,False,False
2021-Feb,val,3.5,-0.25,True,3.941,4.0,3.7238,3.75,4.4914,4.5,4.7083,4.75,False,False,False,False
2022-Agu,val,3.75,0.25,True,3.7435,3.75,3.4831,3.5,4.452,4.5,5.0192,5.0,True,False,True,True
2022-Sep,val,4.25,0.5,True,4.0089,4.0,3.737,3.75,4.471,4.5,5.0569,5.0,True,False,True,True
2022-Okt,val,4.75,0.5,True,4.5415,4.5,4.2151,4.25,4.5003,4.5,5.0556,5.0,True,False,True,True
2022-Nov,val,5.25,0.5,True,5.0517,5.0,4.7106,4.75,4.8565,4.75,5.2457,5.25,True,False,False,True
2022-Des,val,5.5,0.25,True,5.5469,5.5,5.235,5.25,5.0754,5.0,5.3757,5.5,True,False,False,True
2023-Jan,test,5.75,0.25,True,5.774,5.75,5.4825,5.5,5.4568,5.5,5.6255,5.75,True,False,False,True
2023-Okt,test,6.0,0.25,True,5.6663,5.75,5.848,5.75,5.6126,5.5,5.4404,5.5,False,False,False,False
2024-Apr,test,6.25,0.25,True,5.9389,6.0,5.8509,5.75,5.9781,6.0,5.9845,6.0,False,False,False,False
2024-Sep,test,6.0,-0.25,True,6.1341,6.25,6.1244,6.0,6.1864,6.25,5.9449,6.0,False,True,False,True
2025-Jan,test,5.75,-0.25,True,5.7461,5.75,5.7975,5.75,5.7637,5.75,5.5547,5.5,True,True,True,True
2025-Mei,test,5.5,-0.25,True,5.5398,5.5,5.6083,5.5,5.5425,5.5,5.3695,5.25,True,True,True,True
2025-Jul,test,5.25,-0.25,True,5.2919,5.25,5.2447,5.25,5.3725,5.25,5.3174,5.25,True,True,True,True
2025-Agu,test,5.0,-0.25,True,5.0434,5.0,5.0128,5.0,5.1299,5.25,5.0726,5.0,True,True,False,True
2025-Sep,test,4.75,-0.25,True,4.8187,4.75,4.8101,4.75,4.9341,5.0,4.9862,5.0,True,True,False,False
