experiment_id,RMSE_uji,RMSE_val,rank_uji,rank_val
E136,0.20001312870262225,1.1353507867222776,1,112
E144,0.2091789454704988,1.1355586436498202,2,114
E128,0.2093390122730513,1.1355561783546226,3,113
E160,0.21015418712377726,1.1496770563103105,4,124
E168,0.21857793671279796,1.1737956298452505,5,135
E184,0.22105965418707765,1.0654008809286462,6,32
E152,0.2211808945371323,1.149725443469209,7,125
E112,0.22468332132910665,1.1120503809721807,8,95
E192,0.2286839283658288,1.0636209417777995,9,31
E176,0.22960891846324405,1.0658231445161288,10,33
E104,0.23529746649271271,1.1124543002716842,11,96
E120,0.23578124500977415,1.111170348227248,12,94
E173,0.38861483039206074,1.6437204718283316,13,257
E189,0.3887181450884025,1.6437354604057193,14,258
E181,0.3887876874088887,1.6436588381827228,15,256
E109,0.3904802491616923,1.6704311640633434,16,261
E101,0.3904941883657025,1.670317078120421,17,259
E117,0.3904941883657025,1.6703825788364237,17,260
E186,0.40522050210714977,1.829558110650947,19,290
E178,0.407629710049387,1.8292345379218093,20,289
E170,0.4079334979744931,1.829652565288923,21,291
E108,0.4191706336250862,1.8872178903269061,22,296
E100,0.41918215117192537,1.8873104177430884,23,297
E116,0.41922828458337624,1.8870615600728633,24,295
E172,0.4203593635404642,1.9003291744227746,25,300
E180,0.4203593635404642,1.9002293011630864,25,299
E188,0.42036525265934277,1.9002061969816038,27,298
E114,0.4398481376511144,1.9109555869142418,28,302
E098,0.44204751953328886,1.9113376449670227,29,303
E106,0.44232006103481813,1.9108536340265139,30,301
E133,0.4756506356193674,2.11095552000365,31,315
E125,0.4758849204701041,2.1109087876686727,32,313
E141,0.47588959121996777,2.11092158800442,33,314
E138,0.477086613030957,2.2285086782472634,34,348
E130,0.4811911651407713,2.228305356015799,35,346
E122,0.4819041619228551,2.2289148218465797,36,351
E132,0.5012037768878802,2.2686572945624928,37,360
E140,0.5013485334631178,2.2686408455479423,38,359
E124,0.5015376369812508,2.268618253403115,39,358
E157,0.5126913387052279,2.4343687942752075,40,371
E149,0.5130419357502127,2.4343652848012365,41,370
E165,0.5133325308293013,2.4345020356340803,42,372
E162,0.5286827246485182,2.393840145899807,43,367
E154,0.5338510947220679,2.394222794216026,44,368
E146,0.5348531299185509,2.3942902570124427,45,369
E164,0.5361894894763035,2.368776940485874,46,364
E156,0.5362541147974527,2.3689664143710147,47,366
E148,0.5362594019281801,2.368885464736768,48,365
E256,0.8747179205047488,1.118643961290096,49,99
E264,0.8748762714545337,1.1183480426410068,50,97
E248,0.8751523959133949,1.11841280346348,51,98
E072,0.884974356852297,1.0943874858507578,52,68
E064,0.8877762735123327,1.0944631137205194,53,75
E056,0.8879486421526226,1.0942331811862893,54,67
E360,0.896098776444453,1.100195899387426,55,82
E352,0.8977083960638619,1.1004522413557407,56,84
E344,0.8981866993224712,1.1003683197140226,57,83
E288,0.901103821836936,0.8500028267693021,58,3
E096,0.9080823956352042,0.8578923652883439,59,9
E384,0.9112058248108572,0.8571763770526768,60,6
E272,0.9153092711812447,0.8494543216393861,61,2
E280,0.9159273406565374,0.8494311689819926,62,1
E080,0.9209967597214118,0.8573092488454528,63,8
E284,0.921390603918899,1.2672126374857147,64,178
E276,0.9214447784091346,1.267260803702774,65,179
E088,0.9216309975203011,0.8572700960548028,66,7
E268,0.9218094020164866,1.2674233141337574,67,180
E368,0.9233325584685403,0.856463838893859,68,4
E376,0.9247041778421763,0.8564740231589718,69,5
E240,0.9417013466458707,1.080149026596731,70,51
E048,0.9454916133185349,1.0391028225801642,71,27
E224,0.950136032941266,1.0792332558106867,72,49
E232,0.9504540579980729,1.0794298366920627,73,50
E336,0.9532820209874093,1.029635254018928,74,24
E032,0.9550416019588772,1.0381115388928182,75,25
E040,0.9557358970223988,1.0382131439831677,76,26
E171,0.9601659511056966,1.086611281486414,77,55
E187,0.9601659511056966,1.0866147793841456,77,56
E179,0.9601659511056966,1.0867268174112952,77,57
E320,0.9624781096587578,1.0286670160803963,80,22
E328,0.9631094314307154,1.0287728897460293,81,23
E380,0.9633543563751296,1.2347648727337752,82,173
E092,0.9633543563751296,1.2347648727337754,82,174
E076,0.9633820587500825,1.2347588520447332,84,171
E084,0.9633820587500825,1.234681792717643,84,169
E364,0.9633820587500825,1.2347588520447332,84,171
E372,0.9633820587500825,1.234681792717643,84,169
E169,0.9650843810464669,1.023961456428149,88,21
E185,0.9650843810464669,1.0236685172323936,88,19
E177,0.9650843810464669,1.0236685172323936,88,19
E216,0.9690124337089399,0.9334741029800679,91,18
E312,0.9764883473401819,0.9286579928367291,92,15
E200,0.9772250217082946,0.9325001306132878,93,17
E024,0.9776351942285102,0.9249031965381155,94,12
E208,0.9778398313045062,0.9323346357402402,95,16
E183,0.9801483935182072,1.0686926836600654,96,35
E191,0.9801599848520935,1.0686546258100051,97,34
E175,0.9801764358476746,1.0687296859091724,98,36
E299,0.984278593129635,1.0689209100146506,99,37
E307,0.984278593129635,1.0691165206975108,99,38
E291,0.9846013692941047,1.069126086531333,101,39
E296,0.9848048437653907,0.927605515513512,102,14
E008,0.9850125462579054,0.923775804994009,103,10
E304,0.9856038861506653,0.927584452589556,104,13
E107,0.9861494001808204,1.0812611045127793,105,52
E115,0.9861494001808204,1.081464016761613,105,53
E016,0.9863771525128129,0.9239907795210228,107,11
E099,0.9864933369884455,1.0814752592830896,108,54
E196,0.9891966312488338,1.2295886116697914,109,163
E212,0.9892024820344376,1.229650609452782,110,164
E204,0.9892026395612863,1.2297345243613305,111,165
E213,0.9914310476712365,1.0985915466910026,112,79
E205,0.9914889313256036,1.0989660554613545,113,81
E197,0.9916503950718425,1.0987831858858887,114,80
E211,0.9931276404592271,1.0787269766562217,115,47
E203,0.9931283274398746,1.0785317001252075,116,46
E195,0.993469266193818,1.0787371622947957,117,48
E019,0.9943968150845389,1.0695759909329883,118,41
E011,0.9943982837101214,1.069383257376272,119,40
E003,0.9947231837996091,1.0695900702684842,120,42
E309,0.9965114620554066,1.0613139797398077,121,28
E301,0.9965527749450697,1.0617737163957985,122,30
E021,0.9966128482492371,1.070147672487953,123,43
E013,0.9966432623689079,1.0704878613841677,124,44
E293,0.9967675064820374,1.0617145387158988,125,29
E005,0.9971352904564937,1.0705447033592743,126,45
E004,1.000579308043363,1.2172594992439776,127,157
E020,1.0005829966536757,1.217260760106487,128,158
E012,1.0006201872334302,1.217342264279583,129,159
E292,1.0033870891499312,1.2161813431682034,130,154
E308,1.0033902268221222,1.2161835428711147,131,155
E300,1.0033909391317701,1.2162611465554178,132,156
E363,1.0113632392287104,1.1072150400762304,133,91
E267,1.0113632392287104,1.1072150400762304,133,91
E075,1.0113632392287106,1.1072150400762304,135,91
E371,1.0113873661230333,1.1071961428648223,136,85
E275,1.0113873661230333,1.1071961428648223,136,85
E083,1.0113873661230335,1.1071961428648223,138,85
E091,1.0115201566950007,1.107211405595332,139,88
E283,1.0115201566950007,1.107211405595332,139,88
E379,1.0115201566950007,1.107211405595332,139,88
E219,1.0156084916052341,1.3500522180036483,142,205
E235,1.0156500053707236,1.350114754848714,143,207
E227,1.015653890195865,1.3501057934894605,144,206
E315,1.0172576589459823,1.3196092210594146,145,190
E331,1.0172780349764872,1.319691715013127,146,192
E323,1.0172857028007098,1.3196474536199962,147,191
E266,1.0179204995227176,1.3541028971221447,148,208
E282,1.0180050863851422,1.3541552039841267,149,209
E274,1.0181069644568557,1.354246971952198,150,210
E027,1.018841877409534,1.3271334374687083,151,196
E043,1.018864360937674,1.327216604637465,152,198
E035,1.0188766955476938,1.327174697233572,153,197
E017,1.0207580961666503,1.1361425131225902,154,115
E009,1.0210295317806937,1.136227168710453,155,116
E001,1.0210312135950077,1.1362764765297366,156,117
E305,1.0217421571916692,1.137602819150257,157,120
E297,1.0217421571916692,1.137603331630191,157,121
E289,1.021743936345945,1.1377511696479217,159,123
E139,1.022316144697614,1.344303985668632,160,204
E123,1.0223435812760842,1.3442389215342445,161,202
E131,1.022376901671871,1.3443014743113353,162,203
E082,1.024998498877696,1.2911290985464023,163,182
E090,1.025295085863212,1.2911290985464023,164,182
E074,1.0253847025323588,1.2910320405410625,165,181
E361,1.0267022130595285,1.0941650731730959,166,64
E073,1.0267022130595285,1.0941650731730959,166,64
E265,1.0267022130595285,1.0941650731730959,166,64
E377,1.0267414446031153,1.0937247142647193,169,58
E273,1.0267414446031156,1.0937596989516043,170,61
E369,1.0267414446031156,1.0937596989516043,170,61
E281,1.0267414446031156,1.0937247142647193,170,58
E081,1.0267414446031156,1.0937596989516045,170,63
E089,1.0267414446031156,1.0937247142647193,170,58
E210,1.0299755113947633,1.3428258896400873,175,199
E194,1.0302736749060364,1.3429944278333483,176,200
E202,1.030650977751906,1.343175329731324,177,201
E113,1.033794147506185,1.1375647978099697,178,118
E105,1.033794147506185,1.1376276569832053,178,122
E097,1.0338011093581438,1.1375796813379997,180,119
E362,1.0367216323591597,1.3142200211814823,181,187
E370,1.0368165456833656,1.314308006326368,182,188
E378,1.0372257715299218,1.3143133927436237,183,189
E201,1.0374969032669825,1.1274190457823174,184,100
E193,1.0375066824972072,1.1276273499649474,185,102
E209,1.0377414563794545,1.1274458614092078,186,101
E163,1.0420472763865734,1.4099712869682341,187,211
E155,1.0422246582824921,1.4102701096696535,188,213
E147,1.0425133388183432,1.4100656122847117,189,212
E259,1.0426608112893023,1.4179997994775437,190,220
E251,1.0427199539978333,1.4182420859275393,191,222
E243,1.0429767937905414,1.418069556548852,192,221
E018,1.0471075714107625,1.3123137518049435,193,184
E002,1.0474840904710585,1.3125090308233374,194,186
E010,1.047540593914806,1.312458406440101,195,185
E067,1.0481113636967034,1.4111977654461447,196,214
E059,1.0482792414647681,1.4113493135967312,197,216
E051,1.0485684380906504,1.411216934094127,198,215
E199,1.05002473664425,1.1792065308826714,199,136
E207,1.0500400779476307,1.1792851505898114,200,137
E215,1.0506433187827282,1.1793326478358752,201,138
E290,1.0561772486099086,1.32246330012222,202,193
E306,1.0561806674793073,1.3224684805308073,203,194
E298,1.0564055111420694,1.3226563725970404,204,195
E118,1.0569159482887507,1.1694561461397825,205,133
E102,1.0569159482887507,1.169402747128007,205,132
E110,1.056915948288751,1.169457537946376,207,134
E119,1.0596211169024312,1.1862834733794803,208,140
E111,1.0596273110554728,1.1863294676877243,209,141
E103,1.059663458061363,1.1861911213265417,210,139
E355,1.0630868226626706,1.4169670757605992,211,218
E347,1.0632781437783532,1.4171076026892404,212,219
E339,1.0634633373592202,1.4169584433032067,213,217
E015,1.0685922640699794,1.1626701746652928,214,130
E007,1.0686161729807793,1.162573678578631,215,129
E023,1.068673695044263,1.1626755075752588,216,131
E077,1.0700716491372777,1.1294486468949265,217,107
E365,1.0700716491372777,1.1294486468949265,217,107
E269,1.0700716491372777,1.1294486468949263,217,106
E093,1.0701069189971828,1.1289147268462072,220,103
E285,1.0701069189971828,1.1289147268462072,220,103
E381,1.0701069189971828,1.1289147268462072,220,103
E277,1.0701076102497842,1.1296123527232003,223,109
E373,1.0701076102497842,1.1296123527232003,223,109
E085,1.0701076102497842,1.1296123527232003,223,109
E303,1.0735356798926068,1.1606867864088009,226,127
E311,1.0735605914301376,1.1607154007304628,227,128
E295,1.0735708932684938,1.160591408538195,228,126
E271,1.0844295096494831,1.0946559485504437,229,76
E079,1.0844295096494831,1.0946559485504437,229,76
E367,1.0844295096494831,1.0946559485504437,229,76
E279,1.084472186580156,1.0944401886798767,232,72
E375,1.084472186580156,1.0944401886798767,232,72
E087,1.0844721865801563,1.0944401886798767,234,72
E287,1.084479036874001,1.0944158099035053,235,69
E095,1.084479036874001,1.0944158099035053,235,69
E383,1.084479036874001,1.0944158099035053,235,69
E214,1.102548686763813,1.210419056811335,238,149
E198,1.1025560962066079,1.2104281000376815,239,150
E206,1.1025567005455326,1.21041421570422,240,148
E174,1.1060489787857652,1.2214933091897047,241,162
E182,1.1060489787857652,1.221374205469634,241,160
E190,1.1060911504616713,1.221374205469634,243,160
E294,1.107387025100902,1.1979430668433064,244,144
E302,1.1073872065202837,1.1978791361486614,245,142
E310,1.1073872065202837,1.1978839165567632,245,143
E006,1.1075934729059767,1.2070468010991504,247,147
E014,1.1075935037393858,1.2069857344937065,248,145
E022,1.1076005048149824,1.2069881409709629,249,146
E237,1.1087368759742866,1.484194141370602,250,229
E229,1.1091047925276163,1.485316233858328,251,231
E221,1.109652109490567,1.4851636375537152,252,230
E270,1.110702074254766,1.21580114664928,253,153
E278,1.110702074254766,1.2157935778970095,253,152
E286,1.110702074254766,1.2157882096004733,253,151
E382,1.122995347412215,1.2339894113534247,256,166
E366,1.122995347412215,1.234090756868856,256,168
E374,1.122995347412215,1.2339960454896088,256,167
E045,1.1262395735913286,1.4732907332479477,259,223
E037,1.1267775156928665,1.4741193604599137,260,225
E029,1.127094889256592,1.474082308232139,261,224
E086,1.1306261501930668,1.2432615383068337,262,176
E078,1.1306261501930668,1.2433564794097496,262,177
E094,1.1306261501930668,1.2432552682369336,262,175
E333,1.186355114506808,1.4758250114094436,265,226
E325,1.1868017816953516,1.4768634312471476,266,228
E317,1.1869911306062528,1.4768046222434323,267,227
E047,1.1894913268147769,1.5175452212508027,268,232
E039,1.1894985243537726,1.517734881309675,269,233
E031,1.1896272804643746,1.5177380886890703,270,234
E223,1.1920301507809041,1.5580165045359964,271,238
E231,1.1922868788509233,1.5582602730071278,272,240
E239,1.1928084879223877,1.5581025133101662,273,239
E143,1.2002105450874712,1.5689185362019202,274,245
E135,1.2003185725625372,1.569067244481496,275,246
E127,1.2005402520145778,1.568772870980392,276,244
E217,1.212288178645771,1.6190601645000537,277,253
E225,1.2122889425114218,1.6191146163924652,278,254
E233,1.2125824956278575,1.6191283911555108,279,255
E041,1.214155010316067,1.5710263639459958,280,248
E025,1.2143471777004002,1.571111450052061,281,249
E033,1.214352673936085,1.5709111033457914,282,247
E129,1.2213799356683956,1.6056206804414788,283,251
E137,1.221452103411277,1.605678986050712,284,252
E121,1.2217941252319506,1.605506473306428,285,250
E234,1.249082078095702,1.8669252556702158,286,293
E218,1.2492158688930837,1.8667021811592948,287,292
E026,1.249278079522703,1.8035285735801478,288,287
E226,1.2493896236340873,1.8672630310146525,289,294
E034,1.2494162412808332,1.803630782502285,290,288
E042,1.2494744985358641,1.8034288105880156,291,286
E335,1.254071832936459,1.5406024035862376,292,235
E319,1.254116043902081,1.5406861190818468,293,237
E327,1.2542584601174258,1.5406519534589678,294,236
E321,1.25901853922741,1.5671122314020116,295,241
E329,1.2590696405435,1.5671425766403944,296,242
E313,1.2595032717103964,1.5672397397703612,297,243
E314,1.2634431362942322,1.7904719182332756,298,283
E322,1.2634772482891576,1.7906789699053993,299,285
E330,1.263713058762971,1.7905333804540238,300,284
E236,1.2948226569632113,1.69201716883757,301,270
E228,1.2948571623304104,1.6918860657119394,302,268
E220,1.2953665259470766,1.69200481464804,303,269
E044,1.3071352635727909,1.6815249970877586,304,263
E028,1.307326992949833,1.6816675856819412,305,264
E036,1.307341039670622,1.681312841544648,306,262
E332,1.3173690776127747,1.6839296354937145,307,266
E316,1.3174497102366312,1.6841241179563204,308,267
E324,1.3175905365554363,1.683797742484833,309,265
E142,1.3998347588480908,1.6933948996124997,310,273
E134,1.3998347588480908,1.693389579669856,310,272
E126,1.3998347588480908,1.6932888120316758,310,271
E046,1.4039170763216922,1.7062666108757159,313,278
E030,1.404017144609508,1.7062412873605775,314,277
E038,1.404017144609508,1.7062912304996454,314,279
E230,1.4148090429780027,1.7231111724788115,316,282
E222,1.4148418157617095,1.7229519870812402,317,280
E238,1.4149603682248995,1.7230959820537302,318,281
E318,1.4372156132660872,1.704648662344301,319,274
E326,1.4372156132660872,1.7046987503382636,319,276
E334,1.4372190195319092,1.70467387696997,321,275
E252,1.5565155247900075,2.012702066336242,322,305
E244,1.5565907319515713,2.0128025076774936,323,306
E260,1.5565955236586935,2.01233553237281,324,304
E052,1.5911200353781907,2.033984343371685,325,312
E340,1.5911486827929635,2.027681034459804,326,309
E060,1.591149646912196,2.033908548993199,327,311
E068,1.5911727207632906,2.033607296908582,328,310
E348,1.5911901864433138,2.0276480221257445,329,308
E356,1.591209959132946,2.02726454157371,330,307
E242,1.8519297603514837,2.275523967663589,331,362
E250,1.852047712297337,2.276017100847901,332,363
E258,1.8525320549062338,2.2752211760063297,333,361
E066,1.8597003090609718,2.2237470551896417,334,343
E058,1.859896782252286,2.2246011372144707,335,345
E050,1.8599430649338475,2.2244956246067655,336,344
E338,1.8935355942889767,2.2653749335645728,337,356
E346,1.8937055867664163,2.265724756502636,338,357
E354,1.8939577072857998,2.2646804063076926,339,355
E167,2.0477890525256925,2.1778499497044317,340,324
E151,2.0478506572429094,2.1769616067762954,341,322
E159,2.0480317628062004,2.177696456636931,342,323
E255,2.0636703301629313,2.190727743552195,343,329
E247,2.0637391258950983,2.190039000788863,344,328
E263,2.0651745777269594,2.1907978960625467,345,330
E065,2.0716171965936487,2.2196324157076157,346,342
E057,2.0724077105092533,2.219603470390343,347,341
E049,2.072481638089857,2.219354136300229,348,340
E153,2.1113902056190392,2.191678825019057,349,332
E161,2.1115945809116514,2.1916816220350706,350,333
E145,2.112765318339626,2.190864516593037,351,331
E249,2.1246707749668823,2.166331050856936,352,320
E241,2.1247195446349716,2.1654772651731315,353,317
E071,2.1253363089152715,2.228627683298478,354,350
E257,2.1257772740712877,2.166204844622299,355,319
E055,2.1260655999898197,2.228576355598817,356,349
E063,2.126084412869469,2.2284797046973637,357,347
E353,2.151910336773005,2.2065414054310812,358,338
E345,2.152026535401651,2.206548419606934,359,339
E337,2.153146085459523,2.206341916112426,360,337
E061,2.1738061699100992,2.1667151407885274,361,321
E069,2.1743452107638426,2.1634542147261753,362,316
E053,2.1747113743781625,2.1655910688880113,363,318
E359,2.2189257834188965,2.2366052542458963,364,353
E343,2.2195596753991356,2.2364503043475823,365,352
E351,2.219687929528532,2.2366436485371968,366,354
E253,2.2407583639276396,2.201960629093379,367,336
E245,2.2416153941437065,2.2008677078914864,368,335
E261,2.2418551651730954,2.1985518784319362,369,334
E054,2.2743069920679204,2.441537474928804,370,373
E070,2.274355628292188,2.4417113521838565,371,374
E062,2.2743821265004103,2.44171818138956,372,375
E349,2.2961109356481684,2.1847511117764045,373,327
E341,2.2968495631703076,2.183600180022772,374,326
E357,2.2969251757256894,2.180935091915682,375,325
E342,2.38463175424741,2.4608753695907266,376,376
E358,2.3847157513369215,2.461225751812613,377,377
E350,2.3847189249658713,2.461256757228054,378,378
E150,2.393885065918811,2.465010146150056,379,382
E158,2.3941149737845677,2.4652276105846775,380,384
E166,2.394263797748181,2.465201089799905,381,383
E246,2.444132754353885,2.462787367886941,382,379
E254,2.444196846004056,2.4639837403597156,383,381
E262,2.4443411543896167,2.4639333613548806,384,380
