experiment_id,imputation,features,scaler,feature_engineering,model,RMSE,MAPE,R2,model_path,label
E136,ffill,domain_itf,minmax,policy_reaction,ARIMA,0.8977163487639678,14.04993110489085,-3.268462659997712,models/E136_ARIMA.pkl,"Forward Fill + Domain Expert — ITF (7) + MinMaxScaler [0, 1] + Fungsi Reaksi Kebijakan (Taylor/ITF) + Persistensi"
E136,ffill,domain_itf,minmax,policy_reaction,VAR,2.708923982043625,38.902183066169286,-37.86752206825626,models/E136_VAR.pkl,"Forward Fill + Domain Expert — ITF (7) + MinMaxScaler [0, 1] + Fungsi Reaksi Kebijakan (Taylor/ITF) + Persistensi"
E136,ffill,domain_itf,minmax,policy_reaction,RF,0.20598541778974994,3.109998315917951,0.7752673509057262,models/E136_RF.pkl,"Forward Fill + Domain Expert — ITF (7) + MinMaxScaler [0, 1] + Fungsi Reaksi Kebijakan (Taylor/ITF) + Persistensi"
E136,ffill,domain_itf,minmax,policy_reaction,XGBoost,0.19404083961549454,2.71644168956459,0.8005750425316489,models/E136_XGBoost.pkl,"Forward Fill + Domain Expert — ITF (7) + MinMaxScaler [0, 1] + Fungsi Reaksi Kebijakan (Taylor/ITF) + Persistensi"
E136,ffill,domain_itf,minmax,policy_reaction,LSTM,0.12438570421493707,1.7105742900783163,0.9362213927002146,models/E136_LSTM.keras,"Forward Fill + Domain Expert — ITF (7) + MinMaxScaler [0, 1] + Fungsi Reaksi Kebijakan (Taylor/ITF) + Persistensi"
E136,ffill,domain_itf,minmax,policy_reaction,BiLSTM,0.14822332719512651,2.322358914206935,0.9094335784200427,models/E136_BiLSTM.keras,"Forward Fill + Domain Expert — ITF (7) + MinMaxScaler [0, 1] + Fungsi Reaksi Kebijakan (Taylor/ITF) + Persistensi"
E144,ffill,domain_itf,robust,policy_reaction,ARIMA,0.8977163487639678,14.04993110489085,-3.268462659997712,models/E144_ARIMA.pkl,Forward Fill + Domain Expert — ITF (7) + RobustScaler (IQR) + Fungsi Reaksi Kebijakan (Taylor/ITF) + Persistensi
E144,ffill,domain_itf,robust,policy_reaction,VAR,2.708923982043625,38.902183066169286,-37.86752206825626,models/E144_VAR.pkl,Forward Fill + Domain Expert — ITF (7) + RobustScaler (IQR) + Fungsi Reaksi Kebijakan (Taylor/ITF) + Persistensi
E144,ffill,domain_itf,robust,policy_reaction,RF,0.22493355854238234,3.3833314311775533,0.7320204053616675,models/E144_RF.pkl,Forward Fill + Domain Expert — ITF (7) + RobustScaler (IQR) + Fungsi Reaksi Kebijakan (Taylor/ITF) + Persistensi
E144,ffill,domain_itf,robust,policy_reaction,XGBoost,0.1934243323986154,2.7110093053456668,0.8018402567211252,models/E144_XGBoost.pkl,Forward Fill + Domain Expert — ITF (7) + RobustScaler (IQR) + Fungsi Reaksi Kebijakan (Taylor/ITF) + Persistensi
E144,ffill,domain_itf,robust,policy_reaction,LSTM,0.17500149598768164,2.5567590490766032,0.8737540032821588,models/E144_LSTM.keras,Forward Fill + Domain Expert — ITF (7) + RobustScaler (IQR) + Fungsi Reaksi Kebijakan (Taylor/ITF) + Persistensi
E144,ffill,domain_itf,robust,policy_reaction,BiLSTM,0.2374683900852783,3.6585104489145626,0.767541351292172,models/E144_BiLSTM.keras,Forward Fill + Domain Expert — ITF (7) + RobustScaler (IQR) + Fungsi Reaksi Kebijakan (Taylor/ITF) + Persistensi
E128,ffill,domain_itf,standard,policy_reaction,ARIMA,0.8977163487639678,14.04993110489085,-3.268462659997712,models/E128_ARIMA.pkl,Forward Fill + Domain Expert — ITF (7) + StandardScaler (Z-Score) + Fungsi Reaksi Kebijakan (Taylor/ITF) + Persistensi
E128,ffill,domain_itf,standard,policy_reaction,VAR,2.708923982043625,38.902183066169286,-37.86752206825626,models/E128_VAR.pkl,Forward Fill + Domain Expert — ITF (7) + StandardScaler (Z-Score) + Fungsi Reaksi Kebijakan (Taylor/ITF) + Persistensi
E128,ffill,domain_itf,standard,policy_reaction,RF,0.22463718493060802,3.3716138949722683,0.7327261227067241,models/E128_RF.pkl,Forward Fill + Domain Expert — ITF (7) + StandardScaler (Z-Score) + Fungsi Reaksi Kebijakan (Taylor/ITF) + Persistensi
E128,ffill,domain_itf,standard,policy_reaction,XGBoost,0.19404083961549454,2.71644168956459,0.8005750425316489,models/E128_XGBoost.pkl,Forward Fill + Domain Expert — ITF (7) + StandardScaler (Z-Score) + Fungsi Reaksi Kebijakan (Taylor/ITF) + Persistensi
E128,ffill,domain_itf,standard,policy_reaction,LSTM,0.15696487614202928,2.3445224041945054,0.8984361731641167,models/E128_LSTM.keras,Forward Fill + Domain Expert — ITF (7) + StandardScaler (Z-Score) + Fungsi Reaksi Kebijakan (Taylor/ITF) + Persistensi
E128,ffill,domain_itf,standard,policy_reaction,BiLSTM,0.15123350098644628,2.1737132770790795,0.905717713796311,models/E128_BiLSTM.keras,Forward Fill + Domain Expert — ITF (7) + StandardScaler (Z-Score) + Fungsi Reaksi Kebijakan (Taylor/ITF) + Persistensi
E160,ffill,corr_top6,minmax,policy_reaction,ARIMA,0.8977163487639678,14.04993110489085,-3.268462659997712,models/E160_ARIMA.pkl,"Forward Fill + Top-6 Korelasi Pearson + MinMaxScaler [0, 1] + Fungsi Reaksi Kebijakan (Taylor/ITF) + Persistensi"
E160,ffill,corr_top6,minmax,policy_reaction,VAR,4.6012444560993675,63.26707076067275,-111.13568288548281,models/E160_VAR.pkl,"Forward Fill + Top-6 Korelasi Pearson + MinMaxScaler [0, 1] + Fungsi Reaksi Kebijakan (Taylor/ITF) + Persistensi"
E160,ffill,corr_top6,minmax,policy_reaction,RF,0.20692177886855273,3.026444708398364,0.7732195439044348,models/E160_RF.pkl,"Forward Fill + Top-6 Korelasi Pearson + MinMaxScaler [0, 1] + Fungsi Reaksi Kebijakan (Taylor/ITF) + Persistensi"
E160,ffill,corr_top6,minmax,policy_reaction,XGBoost,0.2133865953790018,3.1077360995654484,0.7588276660747909,models/E160_XGBoost.pkl,"Forward Fill + Top-6 Korelasi Pearson + MinMaxScaler [0, 1] + Fungsi Reaksi Kebijakan (Taylor/ITF) + Persistensi"
E160,ffill,corr_top6,minmax,policy_reaction,LSTM,0.1189160774461783,1.5124720643291243,0.941707156124638,models/E160_LSTM.keras,"Forward Fill + Top-6 Korelasi Pearson + MinMaxScaler [0, 1] + Fungsi Reaksi Kebijakan (Taylor/ITF) + Persistensi"
E160,ffill,corr_top6,minmax,policy_reaction,BiLSTM,0.17651758859374753,2.755190899422957,0.8715571111611753,models/E160_BiLSTM.keras,"Forward Fill + Top-6 Korelasi Pearson + MinMaxScaler [0, 1] + Fungsi Reaksi Kebijakan (Taylor/ITF) + Persistensi"
E168,ffill,corr_top6,robust,policy_reaction,ARIMA,0.8977163487639678,14.04993110489085,-3.268462659997712,models/E168_ARIMA.pkl,Forward Fill + Top-6 Korelasi Pearson + RobustScaler (IQR) + Fungsi Reaksi Kebijakan (Taylor/ITF) + Persistensi
E168,ffill,corr_top6,robust,policy_reaction,VAR,4.6012444560993675,63.26707076067275,-111.13568288548281,models/E168_VAR.pkl,Forward Fill + Top-6 Korelasi Pearson + RobustScaler (IQR) + Fungsi Reaksi Kebijakan (Taylor/ITF) + Persistensi
E168,ffill,corr_top6,robust,policy_reaction,RF,0.23043429441553093,3.3919615712472337,0.7187532938975325,models/E168_RF.pkl,Forward Fill + Top-6 Korelasi Pearson + RobustScaler (IQR) + Fungsi Reaksi Kebijakan (Taylor/ITF) + Persistensi
E168,ffill,corr_top6,robust,policy_reaction,XGBoost,0.206721579010065,3.020691869937571,0.773658158459156,models/E168_XGBoost.pkl,Forward Fill + Top-6 Korelasi Pearson + RobustScaler (IQR) + Fungsi Reaksi Kebijakan (Taylor/ITF) + Persistensi
E168,ffill,corr_top6,robust,policy_reaction,LSTM,0.13472269377597057,1.9974181173369274,0.9251803609221895,models/E168_LSTM.keras,Forward Fill + Top-6 Korelasi Pearson + RobustScaler (IQR) + Fungsi Reaksi Kebijakan (Taylor/ITF) + Persistensi
E168,ffill,corr_top6,robust,policy_reaction,BiLSTM,0.1966197934031527,2.908903586348993,0.8406366084217292,models/E168_BiLSTM.keras,Forward Fill + Top-6 Korelasi Pearson + RobustScaler (IQR) + Fungsi Reaksi Kebijakan (Taylor/ITF) + Persistensi
E184,ffill,mutual_info,minmax,policy_reaction,ARIMA,0.8977163487639678,14.04993110489085,-3.268462659997712,models/E184_ARIMA.pkl,"Forward Fill + Mutual Info Top-7 + MinMaxScaler [0, 1] + Fungsi Reaksi Kebijakan (Taylor/ITF) + Persistensi"
E184,ffill,mutual_info,minmax,policy_reaction,VAR,9.624819420466311,149.60556757730944,-489.6574506015009,models/E184_VAR.pkl,"Forward Fill + Mutual Info Top-7 + MinMaxScaler [0, 1] + Fungsi Reaksi Kebijakan (Taylor/ITF) + Persistensi"
E184,ffill,mutual_info,minmax,policy_reaction,RF,0.2406144786883082,3.8244345921511664,0.6933544040812774,models/E184_RF.pkl,"Forward Fill + Mutual Info Top-7 + MinMaxScaler [0, 1] + Fungsi Reaksi Kebijakan (Taylor/ITF) + Persistensi"
E184,ffill,mutual_info,minmax,policy_reaction,XGBoost,0.20150482968584718,2.8520935087285655,0.784937773620671,models/E184_XGBoost.pkl,"Forward Fill + Mutual Info Top-7 + MinMaxScaler [0, 1] + Fungsi Reaksi Kebijakan (Taylor/ITF) + Persistensi"
E184,ffill,mutual_info,minmax,policy_reaction,LSTM,0.14211529241447887,1.5285830351233547,0.916743965986022,models/E184_LSTM.keras,"Forward Fill + Mutual Info Top-7 + MinMaxScaler [0, 1] + Fungsi Reaksi Kebijakan (Taylor/ITF) + Persistensi"
E184,ffill,mutual_info,minmax,policy_reaction,BiLSTM,0.13264659538967505,2.071024837310657,0.9274685586251348,models/E184_BiLSTM.keras,"Forward Fill + Mutual Info Top-7 + MinMaxScaler [0, 1] + Fungsi Reaksi Kebijakan (Taylor/ITF) + Persistensi"
E152,ffill,corr_top6,standard,policy_reaction,ARIMA,0.8977163487639678,14.04993110489085,-3.268462659997712,models/E152_ARIMA.pkl,Forward Fill + Top-6 Korelasi Pearson + StandardScaler (Z-Score) + Fungsi Reaksi Kebijakan (Taylor/ITF) + Persistensi
E152,ffill,corr_top6,standard,policy_reaction,VAR,4.6012444560993675,63.26707076067275,-111.13568288548281,models/E152_VAR.pkl,Forward Fill + Top-6 Korelasi Pearson + StandardScaler (Z-Score) + Fungsi Reaksi Kebijakan (Taylor/ITF) + Persistensi
E152,ffill,corr_top6,standard,policy_reaction,RF,0.22897519369526279,3.3675718755936423,0.7223037034225005,models/E152_RF.pkl,Forward Fill + Top-6 Korelasi Pearson + StandardScaler (Z-Score) + Fungsi Reaksi Kebijakan (Taylor/ITF) + Persistensi
E152,ffill,corr_top6,standard,policy_reaction,XGBoost,0.2133865953790018,3.1077360995654484,0.7588276660747909,models/E152_XGBoost.pkl,Forward Fill + Top-6 Korelasi Pearson + StandardScaler (Z-Score) + Fungsi Reaksi Kebijakan (Taylor/ITF) + Persistensi
E152,ffill,corr_top6,standard,policy_reaction,LSTM,0.12240156987381563,1.7375590116357487,0.9382398888615788,models/E152_LSTM.keras,Forward Fill + Top-6 Korelasi Pearson + StandardScaler (Z-Score) + Fungsi Reaksi Kebijakan (Taylor/ITF) + Persistensi
E152,ffill,corr_top6,standard,policy_reaction,BiLSTM,0.1421651425656557,2.0626798182819424,0.9166855478703955,models/E152_BiLSTM.keras,Forward Fill + Top-6 Korelasi Pearson + StandardScaler (Z-Score) + Fungsi Reaksi Kebijakan (Taylor/ITF) + Persistensi
E112,ffill,all,minmax,policy_reaction,ARIMA,0.8977163487639678,14.04993110489085,-3.268462659997712,models/E112_ARIMA.pkl,"Forward Fill + Semua Fitur (12) + MinMaxScaler [0, 1] + Fungsi Reaksi Kebijakan (Taylor/ITF) + Persistensi"
E112,ffill,all,minmax,policy_reaction,VAR,inf,inf,-inf,,"Forward Fill + Semua Fitur (12) + MinMaxScaler [0, 1] + Fungsi Reaksi Kebijakan (Taylor/ITF) + Persistensi"
E112,ffill,all,minmax,policy_reaction,RF,0.2286740940927216,3.5301609023471445,0.7230335577557969,models/E112_RF.pkl,"Forward Fill + Semua Fitur (12) + MinMaxScaler [0, 1] + Fungsi Reaksi Kebijakan (Taylor/ITF) + Persistensi"
E112,ffill,all,minmax,policy_reaction,XGBoost,0.2206925485654917,3.1834143106372745,0.74203038370958,models/E112_XGBoost.pkl,"Forward Fill + Semua Fitur (12) + MinMaxScaler [0, 1] + Fungsi Reaksi Kebijakan (Taylor/ITF) + Persistensi"
E112,ffill,all,minmax,policy_reaction,LSTM,0.14409565647663247,1.8599373702616555,0.9144074682042803,models/E112_LSTM.keras,"Forward Fill + Semua Fitur (12) + MinMaxScaler [0, 1] + Fungsi Reaksi Kebijakan (Taylor/ITF) + Persistensi"
E112,ffill,all,minmax,policy_reaction,BiLSTM,0.14651975749388524,2.3129594184341293,0.9115034224674257,models/E112_BiLSTM.keras,"Forward Fill + Semua Fitur (12) + MinMaxScaler [0, 1] + Fungsi Reaksi Kebijakan (Taylor/ITF) + Persistensi"
E192,ffill,mutual_info,robust,policy_reaction,ARIMA,0.8977163487639678,14.04993110489085,-3.268462659997712,models/E192_ARIMA.pkl,Forward Fill + Mutual Info Top-7 + RobustScaler (IQR) + Fungsi Reaksi Kebijakan (Taylor/ITF) + Persistensi
E192,ffill,mutual_info,robust,policy_reaction,VAR,9.624819420466311,149.60556757730944,-489.6574506015009,models/E192_VAR.pkl,Forward Fill + Mutual Info Top-7 + RobustScaler (IQR) + Fungsi Reaksi Kebijakan (Taylor/ITF) + Persistensi
E192,ffill,mutual_info,robust,policy_reaction,RF,0.25720687045995466,4.046618827031287,0.64960463865748,models/E192_RF.pkl,Forward Fill + Mutual Info Top-7 + RobustScaler (IQR) + Fungsi Reaksi Kebijakan (Taylor/ITF) + Persistensi
E192,ffill,mutual_info,robust,policy_reaction,XGBoost,0.2001609862717029,2.8276279446146897,0.7877967249199979,models/E192_XGBoost.pkl,Forward Fill + Mutual Info Top-7 + RobustScaler (IQR) + Fungsi Reaksi Kebijakan (Taylor/ITF) + Persistensi
E192,ffill,mutual_info,robust,policy_reaction,LSTM,0.15751287131114558,2.456643390319191,0.8977257767787772,models/E192_LSTM.keras,Forward Fill + Mutual Info Top-7 + RobustScaler (IQR) + Fungsi Reaksi Kebijakan (Taylor/ITF) + Persistensi
E192,ffill,mutual_info,robust,policy_reaction,BiLSTM,0.2888001172190419,4.220898651811746,0.6561818308706189,models/E192_BiLSTM.keras,Forward Fill + Mutual Info Top-7 + RobustScaler (IQR) + Fungsi Reaksi Kebijakan (Taylor/ITF) + Persistensi
E176,ffill,mutual_info,standard,policy_reaction,ARIMA,0.8977163487639678,14.04993110489085,-3.268462659997712,models/E176_ARIMA.pkl,Forward Fill + Mutual Info Top-7 + StandardScaler (Z-Score) + Fungsi Reaksi Kebijakan (Taylor/ITF) + Persistensi
E176,ffill,mutual_info,standard,policy_reaction,VAR,9.624819420466311,149.60556757730944,-489.6574506015009,models/E176_VAR.pkl,Forward Fill + Mutual Info Top-7 + StandardScaler (Z-Score) + Fungsi Reaksi Kebijakan (Taylor/ITF) + Persistensi
E176,ffill,mutual_info,standard,policy_reaction,RF,0.2577130072406409,4.043084986932645,0.6482242519339363,models/E176_RF.pkl,Forward Fill + Mutual Info Top-7 + StandardScaler (Z-Score) + Fungsi Reaksi Kebijakan (Taylor/ITF) + Persistensi
E176,ffill,mutual_info,standard,policy_reaction,XGBoost,0.20150482968584718,2.8520935087285655,0.784937773620671,models/E176_XGBoost.pkl,Forward Fill + Mutual Info Top-7 + StandardScaler (Z-Score) + Fungsi Reaksi Kebijakan (Taylor/ITF) + Persistensi
E176,ffill,mutual_info,standard,policy_reaction,LSTM,0.16755367328868534,2.319780750711822,0.8842710535071721,models/E176_LSTM.keras,Forward Fill + Mutual Info Top-7 + StandardScaler (Z-Score) + Fungsi Reaksi Kebijakan (Taylor/ITF) + Persistensi
E176,ffill,mutual_info,standard,policy_reaction,BiLSTM,0.21302199665996813,3.2930084627327867,0.8129391105523571,models/E176_BiLSTM.keras,Forward Fill + Mutual Info Top-7 + StandardScaler (Z-Score) + Fungsi Reaksi Kebijakan (Taylor/ITF) + Persistensi
